{
  "n": 100,
  "greedy_acc": 0.51,
  "sc_acc": 0.48,
  "appeared": 0.55,
  "greedy_gap": 0.07272727272727278,
  "sc_gap": 0.12727272727272737
}