{
  "n": 30,
  "greedy_acc": 0.7,
  "sc_acc": 0.7333333333333333,
  "appeared": 0.7333333333333333,
  "greedy_gap": 0.04545454545454545,
  "sc_gap": 0.0
}