{
  "n": 100,
  "greedy_acc": 0.84,
  "sc_acc": 0.75,
  "appeared": 0.76,
  "greedy_gap": -0.1052631578947368,
  "sc_gap": 0.013157894736842117
}